id,category,difficultylevel,option1,option2,option3,option4,question_title,right_answer
1,java,easy,class,interface,extends,implements,"Which Java keyword is used to create a subclass?",extends
2,java,easy,4,5,6,"compile error","What is the output of the following java code snippet?",5
3,java,easy,true,false,0,null,"In Java, what is the default value of an uninitialized boolean variable?",false
4,java,easy,try,throw,catch,finally,"Which java keyword is used to explicitly throw an exception?",throw
5,java,easy,"It indicates that a variable is constant.","It indicates that a method can be accessed without creating an instance","It indicates that a class cannot be extended.","It indicates that a variable is of primitive type.","What does the static keyword mean in java?","It indicates that a method can be accessed without creating an instance"
6,java,easy,"constant int x=5;","final int x=5;","static int x=5;","readonly int x=5;","what is the correct way to declare a constant variable in java?","final int x=5;"
7,java,easy,"for loop","while loop","do-while loop","swith loop","which loop in java allows the code to be executed at least once?","do-while loop"
8,java,easy,"To terminate a loop or switch statement and transfer control to the next statement.","To skip the rest of the code in a loop and move to the next iteration.","To define a label for a loop or switch statement.","To check a condition and execute a block of code repeated","what is the purpose of the break statement in java?","To terminate a loop or switch statement and transfer control to the next statement."
9,java,easy,+,-,*,/,"which java operator is used to concatenate two strings?",+
10,java,easy,HashMap,ArrayList,LinkedList,HashSet,"In java which collectiion class provides an implementation of a dynamic array?",ArrayList
11,python,easy,count(),size(),length(),len(),"Which python function is used to calculate the length of a list?",len()
12,python,easy,"[1,2,3]","[1,2,3,4]","[4,3,2,1]",Error,"What is the output of the following python code snippet?","[1,2,3,4]"
13,python,easy,break,continue,pass,return,"which python function is used to calculate the length of a list?",break
14,python,easy,"To generate a random number within a given range.","To iterate over a sequence of numbers.","To sort a list in ascending order.","To calculate the length of a string","what is the purpose of the 'range()' function in python?","To iterate over a sequence of numbers."
15,python,easy,int,float,str,list,"In python, which data type is mutable?",list
16,python,easy,datetime,math,os,sys,"which python module is used for working with dates and times?",datetime
