<?xml version="1.0"?>
<!DOCTYPE hibernate-mapping PUBLIC
"-//Hibernate/Hibernate Mapping DTD 3.0//EN"
"http://hibernate.sourceforge.net/hibernate-mapping-3.0.dtd">

<hibernate-mapping>
<class name="BirthPlace">

<id name="BirthNo">
<generator class="foreign">
<param name="property">s</param>
</generator>
</id>

<property name="BirthLocation" />
<one-to-one name="s" class="Student" cascade="all"/>

</class>
</hibernate-mapping>

<!-- If we want to copy parent object primary key value into child object primary key,
   we need to use a special generator class given by hibernate called foreign.
   Actually this foreign generator is only used in one to one relationship only. -->
<!-- we are copying studentId primary key value to BirthNo primary key -->