<?xml version='1.0' encoding='UTF-8'?>
<!DOCTYPE hibernate-configuration PUBLIC
"-//Hibernate/Hibernate Configuration DTD 3.0//EN"
"http://hibernate.sourceforge.net/hibernate-configuration-3.0.dtd">

<hibernate-configuration>
<session-factory>

<!-- Related to the connection START -->
<property name="connection.driver_class">com.mysql.jdbc.Driver</property>
<property name="connection.url">jdbc:mysql://localhost:3306/hibernate_test</property>
<property name="connection.user">root</property>
<property name="connection.password">root</property>
<!-- Related to the connection END -->

<!-- Related to hibernate properties START -->
<property name="show_sql">true</property>
<!-- The dialect specifies the type of database we are used in hibernate so that hibernate generate appropriate type of SQL statements. -->
<property name="dialect">org.hibernate.dialect.MySQLDialect</property> 
<property name="hbm2ddl.auto">update</property> 
<!-- This hbm2ddl.auto=update property is used to tell to hibernate, create the table and store the data if table is not exist in DB, else it will update the table. If i put hbm2ddl.auto=create it will delete the existing table and data and create a table freshly and store the data-->
<!-- Related to hibernate properties END -->

<!-- Related to mapping START --> <!-- comment the below mapping if you want to run this application with annotations -->
<!-- <mapping resource="product.hbm.xml" /> -->
<!-- Related to the mapping END -->

<!-- Related to mapping START --> <!-- comment the below mapping if you want to run this application with hbm xml files -->
 <mapping class="Product"/>
<!-- Related to the mapping END -->


</session-factory>
</hibernate-configuration>