<?xml version="1.0"?>
<!DOCTYPE hibernate-mapping PUBLIC
"-//Hibernate/Hibernate Mapping DTD 3.0//EN"
"http://hibernate.sourceforge.net/hibernate-mapping-3.0.dtd">

<hibernate-mapping>
<class name="Product" table="PRODUCTS">

<id name="productId" column="pid"  >
<generator class="assigned" />
</id>

<property name="proName" column="pname" />
<property name="price"/>

</class>
</hibernate-mapping>

<!-- Generator:
It is used to while saving an object into the database, the generator informs to the hibernate that,
how the primary key value for the new record is going to generate. 
hibernate using different primary key generator algorithms,
for each algorithm internally a class is created by hibernate for its implementation -->

<!-- Assigned: This is default generator class.
If i didn't mention generator element under id element then hibernate by default assumes it as “assigned”.
If generator class is assigned, then the programmer is responsible for assigning the primary key.

Increment: Max of id value in Database + 1.
if we try to manually assigned the value for primary key also, it will take max value of id in database + 1 concept only.

sequence: 
			<id name="productId" column="pid">
			<generator>
			<param name="sequence">MySequence</param>
			</genetator>
			</id>
This sequence generator class is Not support with MySql database.
If programmer has created a sequence in the database then that sequence name should be passed as the generator.
sql> create sequence MySequence incremented by 5;
So, for every object it will incremented by 5 and inserted. -->

