<?xml version="1.0" encoding="UTF-8"?>

<beans xmlns="http://www.springframework.org/schema/beans"
    xmlns:xsi="http://www.w3.org/2001/XMLSchema-instance"
    xsi:schemaLocation="http://www.springframework.org/schema/beans
    http://www.springframework.org/schema/beans/spring-beans-4.0.xsd">
    
    
    <bean id="vehical" class="com.ravi.SpringCoreXMLBasedConfiguration.Bike"></bean>
    
    <!-- setter type injection -->
    <bean id="tyre" class="com.ravi.SpringCoreXMLBasedConfiguration.Tyre">
    <property name="brand" value="Appolo"/>
    <property name="type" value="tubeLess"/>
    </bean>
    
    <!-- constructor type injection -->
    <bean id="fuel" class="com.ravi.SpringCoreXMLBasedConfiguration.Fuel">
    <constructor-arg value="Power Shell"/>
    <constructor-arg value="HP"/>
    </bean>
    
    </beans>