<?xml version="1.0"?>
<!DOCTYPE hibernate-mapping PUBLIC
"-//Hibernate/Hibernate Mapping DTD 3.0//EN"
"http://hibernate.sourceforge.net/hibernate-mapping-3.0.dtd">

<hibernate-mapping>
<class name="Parent">

<id name="parentId" />
<property name="parentName"/>

<set name="childerns" cascade="all">
<key column="parentId"/> <!-- This is foreign key in Children class -->
<one-to-many class="Childern"/> <!-- This is a Children class name-->
</set>

</class>
</hibernate-mapping>

<!-- we used cascade =”all” means all operations at parent object will be transfer to child. default value of cascade =”none”-->
<!-- Types of cascade are there
1. save -> Only save operations will apply
2. update -> Only Update
3. save-update -> Only save-update
4. delete -> only delete
5. all -> all operations
6. all-delete-orphan -> if there is no relation between parent and children, that objects only will delete.
7. none (default) -> no operation will take place -->



<!-- If i want to combine One-to_Many and Many_To_One then,
After cascade parameter (in line no 12) inverse="true" 
This inverse attribute informs the hibernate that the relation ship is Bi Directional.
default value of inverse =”false” -->